,Spółka,Rodzaj,Cena aktualna,Cena docelowa,Potencjał zmiany ceny,Cena w dniu publ.,Instytucja,Data publ.,Raport
1,PEPCO (PCO),Trzymaj,22.25,26.5,0.191,22.35,Trigon DM,2024-06-25,
2,LPP (LPP),Kupuj,16880.0,23500.0,0.3922,16880.0,Trigon DM,2024-06-24,
3,SELVITA (SLV),Akumuluj,67.3,74.6,0.1085,63.7,Noble Securities,2024-06-17,
4,AILLERON (ALL),Kupuj,17.4,23.1,0.3276,17.06,Noble Securities,2024-06-13,
5,RAINBOW (RBW)*,Kupuj,113.0,155.0,0.37170000000000003,103.0,BM Banku Pekao,2024-06-12,
6,SKARBIEC (SKH)*,Kupuj,24.2,34.0,0.405,22.7,BM Banku Pekao,2024-06-11,
7,INTERBUD (ITB),Kupuj,2.7,6.7,1.4815,3.66,East Value Research,2024-06-11,
8,ENTER (ENT)*,Kupuj,67.2,77.5,0.1533,61.0,DM BDM,2024-06-10,
9,BIOMAXIMA (BMX)*,Kupuj,15.45,22.9,0.48219999999999996,14.55,DM BDM,2024-06-05,
10,XTPL (XTP),Kupuj,125.4,167.0,0.3317,126.2,Trigon DM,2024-06-03,
11,STALPROFI (STF)*,Kupuj,9.32,10.64,0.1416,8.9,BM Banku Pekao,2024-06-03,
12,PHOTON (PEN)*,Wycena,7.44,6.82,-0.0833,7.7,Noble Securities,2024-05-31,
13,NOVAVISGR (NVG),Kupuj,2.26,4.0,0.7698999999999999,2.07,East Value Research,2024-05-31,
14,ENEA (ENA),Trzymaj,9.42,11.63,0.2353,10.24,Trigon DM,2024-05-29,
15,MOBRUK (MBR),Akumuluj,317.0,375.8,0.1855,318.5,Noble Securities,2024-05-28,
16,MLPGROUP (MLG)*,Kupuj,83.0,110.0,0.32530000000000003,80.0,BM PKO BP,2024-05-28,
17,11BIT (11B),Kupuj,642.0,952.6,0.4838,585.0,Noble Securities,2024-05-27,
18,RYVU (RVU),Trzymaj,50.9,75.5,0.4833,53.4,Noble Securities,2024-05-24,
19,ATENDE (ATD)*,Kupuj,3.0,3.7,0.23329999999999998,2.9,BM Banku Pekao,2024-05-24,
20,COMP (CMP),Kupuj,100.5,132.0,0.3134,110.0,DM BOŚ,2024-05-24,
21,SUNEX (SNX)*,Kupuj,10.4,12.37,0.1894,10.52,Ipopema Securities,2024-05-24,
22,TSGAMES (TEN),Kupuj,84.55,118.0,0.3956,93.8,DM BDM,2024-05-22,
23,KINOPOL (KPL)*,Kupuj,17.7,20.05,0.1328,14.85,DM BDM,2024-05-21,
24,TORPOL (TOR),Trzymaj,36.3,35.0,-0.0358,35.25,Noble Securities,2024-05-21,
25,TAURONPE (TPE),Kupuj,3.91,3.94,0.0077,3.93,Trigon DM,2024-05-20,
26,RELPOL (RLP)*,Trzymaj,5.7,6.25,0.0965,6.16,DM BDM,2024-05-20,
27,CCC (CCC),Kupuj,123.0,160.0,0.30079999999999996,133.2,Trigon DM,2024-05-20,
28,PGE (PGE),Kupuj,6.91,8.9,0.2887,7.74,Trigon DM,2024-05-20,
29,VOXEL (VOX),Kupuj,93.2,106.6,0.1438,92.0,DM BDM,2024-05-20,
30,ELEKTROTI (ELT)*,Akumuluj,34.8,31.0,-0.1092,27.85,DM BDM,2024-05-20,
31,ELQ (ELQ),Kupuj,3.2,3.9,0.2188,3.01,East Value Research,2024-05-20,
32,PEPCO (PCO),Trzymaj,22.25,21.9,-0.015700000000000002,21.23,Noble Securities,2024-05-17,
33,ACTION (ACT)*,Kupuj,20.8,25.0,0.20190000000000002,20.35,DM BOŚ,2024-05-17,
34,GRUPAAZOTY (ATT),Sprzedaj,20.88,20.0,-0.0421,24.64,DM BOŚ,2024-05-17,
35,TORPOL (TOR),Kupuj,36.3,35.0,-0.0358,32.1,Noble Securities,2024-05-15,
36,RAINBOW (RBW),Kupuj,113.0,136.6,0.20879999999999999,107.0,East Value Research,2024-05-14,
37,VOTUM (VOT)*,Kupuj,33.6,66.9,0.9911,43.65,DM BOŚ,2024-05-13,
38,CYFRPLSAT (CPS),Kupuj,12.18,13.39,0.0993,11.47,DM BDM,2024-05-10,
39,RAINBOW (RBW)*,Kupuj,113.0,120.0,0.061900000000000004,94.9,BM Banku Pekao,2024-05-10,
40,OPONEO.PL (OPN)*,Trzymaj,76.2,63.5,-0.16670000000000001,61.0,BM PKO BP,2024-05-10,
41,UNIBEP (UNI)*,Wycena,9.38,12.0,0.2793,9.64,Noble Securities,2024-05-09,
42,QUERCUS (QRS)*,Kupuj,6.2,7.5,0.2097,6.58,BM Banku Pekao,2024-05-09,
43,ARTIFEX (ART)*,Trzymaj,22.8,26.0,0.1404,26.5,DM BDM,2024-05-08,
44,IMS (IMS)*,Akumuluj,4.38,5.0,0.1416,4.36,Millennium DM,2024-05-08,
45,LPP (LPP),Kupuj,16880.0,23300.0,0.3803,16530.0,BM mBank,2024-05-07,
46,HANDLOWY (BHW),Sprzedaj,109.0,107.0,-0.0183,111.0,BM mBank,2024-05-07,
47,ABPL (ABE),Kupuj,104.0,96.6,-0.0712,89.8,DM BOŚ,2024-05-07,
48,INTERCARS (CAR),Trzymaj,547.0,525.0,-0.04019999999999999,539.0,DM BOŚ,2024-05-07,
49,WARIMPEX (WXF),Wycena,3.69,9.49,1.5718,3.72,East Value Research,2024-05-07,
50,SONEL (SON)*,Wycena,18.0,15.78,-0.1233,14.9,Noble Securities,2024-05-06,
51,SELVITA (SLV),Trzymaj,67.3,62.7,-0.0684,70.6,DM BOŚ,2024-05-06,
52,PGE (PGE),Sprzedaj,6.91,5.6,-0.1891,6.18,DM BOŚ,2024-05-05,
53,TAURONPE (TPE),Sprzedaj,3.91,2.6,-0.335,2.93,DM BOŚ,2024-05-05,
54,ASBIS (ASB),Kupuj,24.24,38.6,0.5924,24.6,DM BOŚ,2024-05-05,
55,DINOPL (DNP),Trzymaj,416.1,382.5,-0.08070000000000001,386.7,DM BOŚ,2024-05-05,
56,TORPOL (TOR),Akumuluj,36.3,35.6,-0.019299999999999998,31.6,DM BDM,2024-05-02,
57,CLOUD (CLD)*,Trzymaj,76.0,75.0,-0.0132,70.6,DM BOŚ,2024-04-30,
58,STALPROFI (STF)*,Kupuj,9.32,9.85,0.056900000000000006,8.26,BM Banku Pekao,2024-04-30,
59,VOXEL (VOX)*,Kupuj,93.2,103.0,0.1052,92.2,DM BOŚ,2024-04-29,
60,MABION (MAB)*,Wycena,16.98,19.0,0.11900000000000001,16.24,Noble Securities,2024-04-29,
61,FORTE (FTE),Trzymaj,21.9,21.1,-0.0365,23.0,DM BOŚ,2024-04-29,
62,LPP (LPP),Kupuj,16880.0,21047.0,0.2469,15550.0,DM BOŚ,2024-04-29,
63,CCC (CCC),Kupuj,123.0,108.8,-0.11539999999999999,87.5,DM BOŚ,2024-04-29,
64,ARCHICOM (ARH),Kupuj,36.0,40.0,0.11109999999999999,34.0,Trigon DM,2024-04-25,
65,DADELO (DAD)*,Kupuj,19.7,23.0,0.1675,17.25,Trigon DM,2024-04-25,
66,ECHO (ECH),Kupuj,4.85,6.0,0.2371,4.91,Trigon DM,2024-04-25,
67,AILLERON (ALL)*,Kupuj,17.4,25.0,0.4368,15.7,Trigon DM,2024-04-25,
68,FABRITY (FAB)*,Trzymaj,34.0,39.0,0.1471,36.8,Trigon DM,2024-04-25,
69,MFO (MFO)*,Kupuj,32.1,49.3,0.5357999999999999,33.6,Trigon DM,2024-04-25,
70,SELENAFM (SEL)*,Kupuj,36.1,46.4,0.2853,32.6,Trigon DM,2024-04-25,
71,PZU (PZU),Kupuj,50.72,58.3,0.1494,50.68,Trigon DM,2024-04-22,
72,ZUE (ZUE)*,Trzymaj,10.8,11.1,0.0278,10.9,DM BDM,2024-04-22,
73,CCC (CCC),Kupuj,123.0,120.0,-0.024399999999999998,82.6,Trigon DM,2024-04-22,
74,ATMGRUPA (ATG)*,Kupuj,4.46,4.91,0.1009,3.2,DM BDM,2024-04-22,
75,BIOTON (BIO)*,Wycena,3.47,4.46,0.2853,3.5,Noble Securities,2024-04-18,
76,KGHM (KGH),Kupuj,150.95,185.0,0.2256,142.4,DM BOŚ,2024-04-18,
77,ORANGEPL (OPL),Kupuj,7.65,9.3,0.2151,7.78,DM BOŚ,2024-04-17,
78,BOGDANKA (LWB),Sprzedaj,29.94,25.0,-0.165,32.72,DM BOŚ,2024-04-17,
79,CAPTORTX (CTX),Kupuj,78.6,131.1,0.6679,79.0,Noble Securities,2024-04-16,
80,TSGAMES (TEN),Trzymaj,84.55,106.0,0.25370000000000004,96.1,DM BOŚ,2024-04-15,
81,SYGNITY (SGN)*,Sprzedaj,62.4,35.8,-0.4263,64.0,BM mBank,2024-04-15,
82,HUUUGE (HUG),Kupuj,23.3,35.2,0.5107,26.4,DM BDM,2024-04-15,
83,JSW (JSW),Sprzedaj,29.6,30.0,0.013500000000000002,35.34,DM BOŚ,2024-04-15,
84,ATENDE (ATD)*,Kupuj,3.0,4.1,0.3667,2.93,BM Banku Pekao,2024-04-15,
85,IFIRMA (IFI)*,Neutralna,23.4,21.4,-0.0855,22.2,Millennium DM,2024-04-12,
86,TOYA (TOA)*,Wycena,8.28,11.5,0.3889,7.14,Noble Securities,2024-04-11,
87,ORANGEPL (OPL),Akumuluj,7.65,9.0,0.1759,8.02,DM BDM,2024-04-10,
88,BRAND24 (B24)*,Wycena,46.9,56.2,0.19829999999999998,48.8,DM BOŚ,2024-04-09,
89,VOXEL (VOX)*,Kupuj,93.2,97.7,0.0483,93.2,DM BOŚ,2024-04-08,
90,MCI (MCI)*,Wycena,26.5,40.7,0.5357999999999999,25.1,Noble Securities,2024-04-05,
91,TORPOL (TOR),Redukuj,36.3,35.5,-0.022000000000000002,35.0,Noble Securities,2024-04-03,
92,BUDIMEX (BDX),Sprzedaj,695.5,630.0,-0.0942,700.0,Trigon DM,2024-04-02,
93,ASSECOSEE (ASE),Trzymaj,51.0,55.0,0.0784,50.0,DM BOŚ,2024-03-28,
94,ASSECOBS (ABS),Trzymaj,62.2,58.0,-0.0675,51.8,DM BOŚ,2024-03-28,
95,FERRO (FRO)*,Kupuj,38.7,39.3,0.0155,33.5,DM BOŚ,2024-03-28,
96,ASBIS (ASB),Wycena,24.24,61.0,1.5165,24.8,Argus Research,2024-03-27,
97,SEKO (SEK)*,Wycena,11.7,18.9,0.6154,12.9,DM BOŚ,2024-03-27,
98,LPP (LPP),Kupuj,16880.0,20000.0,0.1848,13660.0,Trigon DM,2024-03-26,
99,MURAPOL (MUR),Kupuj,37.84,50.0,0.3214,41.37,Trigon DM,2024-03-25,
100,DINOPL (DNP),Akumuluj,416.1,445.1,0.0697,415.0,Noble Securities,2024-03-22,
101,EUROCASH (EUR),Trzymaj,13.2,15.7,0.1894,14.71,Noble Securities,2024-03-22,
102,MARVIPOL (MVP)*,Kupuj,7.16,11.15,0.5573,8.26,Ipopema Securities,2024-03-20,
103,AMBRA (AMB)*,Kupuj,27.2,32.2,0.1838,27.6,Millennium DM,2024-03-18,
104,RAINBOW (RBW),Kupuj,113.0,105.0,-0.0708,76.4,Trigon DM,2024-03-14,
105,TORPOL (TOR),Kupuj,36.3,45.0,0.2397,34.5,BM Banku Pekao,2024-03-14,
106,SYNEKTIK (SNT),Kupuj,132.6,180.6,0.36200000000000004,127.0,Trigon DM,2024-03-11,
107,CDPROJEKT (CDR),Kupuj,143.8,192.8,0.3408,107.75,Noble Securities,2024-03-08,
108,CLNPHARMA (CLN),Kupuj,15.64,25.5,0.6304,14.8,Noble Securities,2024-03-08,
109,SNIEZKA (SKA),Kupuj,89.4,93.1,0.0414,84.8,DM BDM,2024-03-08,
110,MERCOR (MCR)*,Trzymaj,24.8,26.4,0.0645,23.2,BM Banku Pekao,2024-03-07,
111,RAINBOW (RBW),Kupuj,113.0,92.4,-0.18230000000000002,72.6,East Value Research,2024-03-06,
112,CREEPYJAR (CRJ),Kupuj,496.0,760.0,0.5323,580.0,DM BDM,2024-03-05,
113,NOVAVISGR (NVG)*,Akumuluj,2.26,3.12,0.38049999999999995,2.63,Erste,2024-02-29,
114,SYNEKTIK (SNT),Kupuj,132.6,138.1,0.0415,117.5,East Value Research,2024-02-29,
115,NOCTILUCA (NCL),Wycena,92.0,208.9,1.2707,106.0,East Value Research,2024-02-23,
116,LPP (LPP),Kupuj,16880.0,19282.0,0.1423,17130.0,Noble Securities,2024-02-21,
117,XTB (XTB),Kupuj,71.1,47.95,-0.3256,47.22,BM mBank,2024-02-20,
118,CDPROJEKT (CDR),Redukuj,143.8,102.0,-0.2907,114.5,DM BDM,2024-02-19,
119,VIGOPHOTN (VGO)*,Kupuj,576.0,600.0,0.0417,484.0,Ipopema Securities,2024-02-19,
120,ELQ (ELQ),Kupuj,3.2,4.8,0.5,2.4,East Value Research,2024-02-19,
121,SKARBIEC (SKH)*,Kupuj,24.2,33.0,0.3636,23.6,BM Banku Pekao,2024-02-16,
122,QUERCUS (QRS)*,Kupuj,6.2,6.7,0.0806,5.8,BM Banku Pekao,2024-02-16,
123,PGE (PGE),Sprzedaj,6.91,7.2,0.0426,8.42,DM BOŚ,2024-02-15,
124,VOXEL (VOX)*,Kupuj,93.2,97.7,0.0483,88.6,DM BOŚ,2024-02-14,
125,UNIMOT (UNT),Kupuj,134.6,160.0,0.1887,131.6,DM BOŚ,2024-02-13,
126,PKNORLEN (PKN),Kupuj,67.68,90.0,0.3298,65.67,DM BOŚ,2024-02-09,
127,MIRACULUM (MIR)*,Trzymaj,1.13,1.35,0.19469999999999998,1.36,Ipopema Securities,2024-02-09,
128,NOVAVISGR (NVG),Kupuj,2.26,4.3,0.9027,2.1,East Value Research,2024-02-08,
129,FERRO (FRO)*,Kupuj,38.7,36.6,-0.054299999999999994,32.3,DM BOŚ,2024-02-07,
130,RELPOL (RLP)*,Trzymaj,5.7,7.42,0.3018,7.08,DM BDM,2024-02-05,
131,SECOGROUP (SWG)*,Kupuj,33.0,36.2,0.09699999999999999,31.2,Erste,2024-02-02,
132,LPP (LPP),Kupuj,16880.0,20000.0,0.1848,15570.0,BM mBank,2024-02-01,
133,11BIT (11B),Kupuj,642.0,808.0,0.2586,572.0,DM BDM,2024-01-30,
134,MOLECURE (MOC),Kupuj,13.9,34.0,1.446,18.7,BM mBank,2024-01-23,
135,KRUK (KRU),Kupuj,452.0,532.36,0.1778,457.2,BM mBank,2024-01-18,
136,FORTE (FTE),Akumuluj,21.9,25.2,0.1507,23.1,Noble Securities,2024-01-17,
137,AGORA (AGO)*,Kupuj,11.26,14.5,0.2877,10.45,DM BDM,2024-01-09,
138,WIRTUALNA (WPL),Redukuj,106.4,102.8,-0.0338,118.0,DM BDM,2024-01-09,
139,VIGOPHOTN (VGO),Kupuj,576.0,590.0,0.024300000000000002,510.0,East Value Research,2024-01-08,
140,PEKABEX (PBX),Kupuj,26.8,27.3,0.0187,24.3,DM BDM,2024-01-04,
141,TORPOL (TOR),Kupuj,36.3,27.9,-0.2314,24.9,DM BDM,2024-01-04,
142,MIRBUD (MRB),Akumuluj,14.36,9.09,-0.36700000000000005,8.3,DM BDM,2024-01-04,
143,ERBUD (ERB),Trzymaj,40.3,41.1,0.0199,41.3,DM BDM,2024-01-04,
144,INSTALKRK (INK),Kupuj,47.9,50.0,0.0438,42.8,DM BDM,2024-01-04,
145,MOSTALZAB (MSZ),Kupuj,4.23,4.85,0.1466,4.0,DM BDM,2024-01-04,
146,BUDIMEX (BDX),Redukuj,695.5,530.8,-0.2368,636.0,DM BDM,2024-01-04,
147,ZUE (ZUE)*,Akumuluj,10.8,8.43,-0.2194,7.86,DM BDM,2024-01-04,
148,ELEKTROTI (ELT)*,Akumuluj,34.8,19.1,-0.4511,17.48,DM BDM,2024-01-04,
149,VOXEL (VOX),Kupuj,93.2,90.3,-0.0311,78.6,DM BDM,2024-01-02,
150,OPONEO.PL (OPN),Kupuj,76.2,63.8,-0.16269999999999998,46.5,East Value Research,2023-12-27,
151,HUUUGE (HUG),Kupuj,23.3,36.2,0.5536,26.9,DM BDM,2023-12-22,
152,GRODNO (GRN)*,Trzymaj,10.5,11.8,0.12380000000000001,10.94,DM BOŚ,2023-12-19,
153,AMICA (AMC),Kupuj,69.7,109.2,0.5667,82.0,Noble Securities,2023-12-15,
154,SYNEKTIK (SNT),Kupuj,132.6,109.7,-0.1727,89.2,East Value Research,2023-12-14,
155,MARVIPOL (MVP)*,Kupuj,7.16,10.07,0.4064,7.2,Ipopema Securities,2023-12-12,
156,KINOPOL (KPL)*,Wycena,17.7,18.4,0.0395,14.65,DM BDM,2023-12-11,
157,BRAND24 (B24)*,Wycena,46.9,48.8,0.0405,36.3,DM BOŚ,2023-12-11,
158,VOXEL (VOX)*,Kupuj,93.2,85.3,-0.0848,74.2,DM BOŚ,2023-12-11,
159,CLOUD (CLD)*,Trzymaj,76.0,71.0,-0.0658,68.0,DM BOŚ,2023-12-11,
160,VOTUM (VOT)*,Kupuj,33.6,81.3,1.4196,43.7,DM BOŚ,2023-12-11,
161,DATAWALK (DAT)*,Trzymaj,65.1,53.0,-0.1859,32.5,DM BOŚ,2023-12-11,
162,FERRO (FRO)*,Kupuj,38.7,34.7,-0.10339999999999999,31.6,DM BOŚ,2023-12-11,
163,KINOPOL (KPL)*,Kupuj,17.7,18.4,0.0395,14.0,DM BDM,2023-12-11,
164,MCI (MCI)*,Wycena,26.5,40.3,0.5207999999999999,23.7,Noble Securities,2023-12-08,
165,KOGENERA (KGN),Wycena,46.7,137.0,1.9336000000000002,42.0,East Value Research,2023-12-08,
166,BOWIM (BOW)*,Wycena,6.7,7.2,0.0746,7.2,DM BOŚ,2023-12-08,
167,AILLERON (ALL),Wycena,17.4,22.7,0.3046,19.2,Noble Securities,2023-12-07,
168,CLNPHARMA (CLN),Kupuj,15.64,29.1,0.8606,15.66,Noble Securities,2023-12-06,
169,SONEL (SON)*,Wycena,18.0,12.36,-0.31329999999999997,11.7,Noble Securities,2023-12-05,
170,CAPTORTX (CTX),Kupuj,78.6,137.1,0.7443000000000001,86.6,Noble Securities,2023-12-04,
171,PEKAO (PEO),Kupuj,164.75,201.8,0.2249,147.8,DM BOŚ,2023-12-04,
172,PKOBP (PKO),Kupuj,62.52,64.4,0.0301,49.55,DM BOŚ,2023-12-04,
173,MILLENNIUM (MIL),Kupuj,8.91,11.3,0.26899999999999996,8.11,DM BOŚ,2023-12-04,
174,WARIMPEX (WXF),Wycena,3.69,11.68,2.1653000000000002,3.48,East Value Research,2023-12-04,
175,ALLEGRO (ALE),Kupuj,37.6,35.3,-0.061,28.94,BM mBank,2023-12-01,
176,ARTIFEX (ART)*,Kupuj,22.8,24.8,0.0877,16.95,DM BDM,2023-12-01,
177,IFIRMA (IFI)*,Neutralna,23.4,30.9,0.32049999999999995,29.8,Millennium DM,2023-11-30,
178,MOSTALZAB (MSZ)*,Kupuj,4.23,5.8,0.3712,3.87,Millennium DM,2023-11-30,
179,TSGAMES (TEN),Kupuj,84.55,138.0,0.6322,90.35,DM BDM,2023-11-30,
180,FERRO (FRO)*,Kupuj,38.7,33.3,-0.13949999999999999,26.6,DM BOŚ,2023-11-29,
181,XTB (XTB),Kupuj,71.1,67.7,-0.0478,34.1,Noble Securities,2023-11-28,
182,MOBRUK (MBR),Kupuj,317.0,390.3,0.23120000000000002,280.0,Noble Securities,2023-11-28,
183,SELVITA (SLV),Akumuluj,67.3,72.6,0.0788,60.0,Noble Securities,2023-11-28,
184,DECORA (DCR),Kupuj,63.8,60.4,-0.0533,54.2,DM BOŚ,2023-11-28,
185,ALIOR (ALR),Kupuj,99.9,93.3,-0.0661,74.36,DM BOŚ,2023-11-27,
186,SHOPER (SHO),Kupuj,43.2,36.5,-0.1551,33.5,BM mBank,2023-11-23,
187,PEPCO (PCO),Trzymaj,22.25,19.0,-0.1461,19.37,Noble Securities,2023-11-20,
188,GRUPRACUJ (GPP),Trzymaj,63.7,63.4,-0.004699999999999999,61.0,BM Banku Pekao,2023-11-20,
189,PKOBP (PKO),Kupuj,62.52,55.21,-0.11689999999999999,47.68,BM mBank,2023-11-17,
190,GRUPAAZOTY (ATT),Sprzedaj,20.88,17.26,-0.1734,21.3,BM Banku Pekao,2023-11-17,
191,PCCROKITA (PCR),Sprzedaj,91.7,79.04,-0.1381,91.0,BM Banku Pekao,2023-11-17,
192,SCPFL (SCP)*,Kupuj,167.0,230.2,0.3784,165.0,Ipopema Securities,2023-11-16,
193,MEDICALG (MDG)*,Kupuj,27.4,41.2,0.5036,26.25,Ipopema Securities,2023-11-16,
194,PEPCO (PCO),Kupuj,22.25,32.7,0.4697,19.0,BM mBank,2023-11-15,
195,RYVU (RVU),Kupuj,50.9,77.7,0.5265,56.9,Noble Securities,2023-11-15,
196,SANOK (SNK),Trzymaj,20.1,24.8,0.23379999999999998,23.1,DM BOŚ,2023-11-10,
197,RYVU (RVU),Trzymaj,50.9,65.0,0.27699999999999997,56.7,BM mBank,2023-11-07,
198,ORANGEPL (OPL),Kupuj,7.65,9.6,0.25420000000000004,8.02,BM mBank,2023-11-07,
199,SELVITA (SLV),Trzymaj,67.3,74.2,0.1025,59.5,DM BOŚ,2023-11-07,
200,BOOMBIT (BBT),Kupuj,10.55,18.9,0.7915000000000001,10.85,DM BDM,2023-11-06,
201,LPP (LPP),Kupuj,16880.0,18105.0,0.0726,13900.0,DM BOŚ,2023-11-06,
202,DATAWALK (DAT)*,Trzymaj,65.1,53.0,-0.1859,50.5,DM BOŚ,2023-11-03,
203,VOXEL (VOX)*,Kupuj,93.2,75.8,-0.1867,59.6,DM BOŚ,2023-11-02,
204,SANPL (SPL),Kupuj,534.0,486.63,-0.08869999999999999,456.4,BM mBank,2023-11-02,
205,ASSECOSEE (ASE),Kupuj,51.0,50.0,-0.0196,46.0,DM BOŚ,2023-11-02,
206,ACTION (ACT)*,Kupuj,20.8,21.6,0.0385,18.4,DM BOŚ,2023-11-02,
207,UNIMOT (UNT),Trzymaj,134.6,105.0,-0.21989999999999998,100.4,DM BOŚ,2023-10-31,
208,PEKABEX (PBX),Kupuj,26.8,24.0,-0.1045,21.3,Trigon DM,2023-10-30,
209,VOXEL (VOX)*,Kupuj,93.2,73.9,-0.2071,53.0,DM BOŚ,2023-10-30,
210,FERRO (FRO)*,Neutralna,38.7,30.1,-0.22219999999999998,27.2,DM BOŚ,2023-10-25,
211,LPP (LPP),Kupuj,16880.0,16795.0,-0.005,12670.0,Noble Securities,2023-10-25,
212,DADELO (DAD)*,Kupuj,19.7,18.5,-0.060899999999999996,16.3,Trigon DM,2023-10-24,
213,AILLERON (ALL),Kupuj,17.4,28.0,0.6092,19.0,Trigon DM,2023-10-23,
214,SELENAFM (SEL),Kupuj,36.1,42.5,0.1773,29.9,Trigon DM,2023-10-23,
215,MFO (MFO)*,Kupuj,32.1,42.6,0.3271,29.3,Trigon DM,2023-10-23,
216,KOGENERA (KGN),Wycena,46.7,150.3,2.2184,39.7,East Value Research,2023-10-23,
217,MANGATA (MGT),Kupuj,95.0,110.4,0.16210000000000002,94.0,DM BOŚ,2023-10-20,
218,ASSECOPOL (ACP),Trzymaj,79.0,84.3,0.06709999999999999,76.05,DM BOŚ,2023-10-20,
219,PCCROKITA (PCR),Trzymaj,91.7,100.0,0.09050000000000001,98.8,DM BOŚ,2023-10-18,
220,KRUK (KRU),Kupuj,452.0,493.25,0.0913,461.4,BM mBank,2023-10-17,
221,KETY (KTY),Trzymaj,891.5,696.2,-0.2191,638.0,BM mBank,2023-10-13,
222,SUNEX (SNX),Trzymaj,10.4,12.0,0.15380000000000002,13.06,Ipopema Securities,2023-10-13,
223,JSW (JSW),Kupuj,29.6,65.0,1.1959,43.7,DM BOŚ,2023-10-13,
224,ATAL (1AT),Kupuj,60.6,72.82,0.20170000000000002,62.2,BM mBank,2023-10-10,
225,ELEKTROTI (ELT)*,Kupuj,34.8,17.1,-0.5085999999999999,14.42,DM BDM,2023-10-10,
226,AUTOPARTN (APR),Kupuj,24.1,33.9,0.40659999999999996,23.0,Noble Securities,2023-10-09,
227,INTERCARS (CAR),Kupuj,547.0,708.0,0.2943,560.0,Noble Securities,2023-10-09,
228,WITTCHEN (WTN),Kupuj,32.05,30.4,-0.051500000000000004,23.8,DM Banku BPS,2023-10-06,
229,4MASS (4MS),Kupuj,5.84,13.2,1.2603,5.99,East Value Research,2023-10-05,
230,DEVELIA (DVL),Kupuj,5.6,5.62,0.0036,4.88,BM mBank,2023-10-04,
231,DOMDEV (DOM),Trzymaj,176.6,153.52,-0.1307,153.8,BM mBank,2023-10-04,
232,ALIOR (ALR),Kupuj,99.9,65.0,-0.3493,52.5,BM mBank,2023-10-04,
233,PKOBP (PKO),Kupuj,62.52,44.9,-0.2818,34.57,BM mBank,2023-10-04,
234,INGBSK (ING),Kupuj,300.0,209.0,-0.30329999999999996,179.4,BM mBank,2023-10-04,
235,BOS (BOS),Kupuj,14.6,11.36,-0.22190000000000001,8.44,BM mBank,2023-10-04,
236,MILLENNIUM (MIL),Kupuj,8.91,7.15,-0.1971,5.85,BM mBank,2023-10-04,
237,BNPPPL (BNP),Kupuj,100.5,71.58,-0.2878,56.6,BM mBank,2023-10-04,
238,SANPL (SPL),Kupuj,534.0,413.63,-0.2254,360.6,BM mBank,2023-10-04,
239,PEKAO (PEO),Kupuj,164.75,141.97,-0.1383,101.0,BM mBank,2023-10-04,
240,AMBRA (AMB)*,Kupuj,27.2,35.9,0.31989999999999996,29.3,Millennium DM,2023-10-04,
241,HANDLOWY (BHW),Kupuj,109.0,99.0,-0.0917,79.7,BM mBank,2023-10-04,
242,BRAND24 (B24)*,Wycena,46.9,48.8,0.0405,36.0,DM BOŚ,2023-10-04,
243,VOTUM (VOT)*,Kupuj,33.6,79.5,1.3661,43.1,DM BOŚ,2023-10-04,
244,BENEFIT (BFT),Kupuj,2900.0,2100.0,-0.2759,1730.0,DM BOŚ,2023-10-03,
245,MABION (MAB),Wycena,16.98,23.6,0.3899,16.99,Noble Securities,2023-10-02,
246,MLSYSTEM (MLS)*,Kupuj,40.4,87.2,1.1584,65.3,Ipopema Securities,2023-10-02,
247,RELPOL (RLP)*,Trzymaj,5.7,8.62,0.5123,8.46,DM BDM,2023-09-26,
248,RAEN (RAE),Wycena,0.61,1.9,2.1148,0.51,East Value Research,2023-09-26,
249,EUROCASH (EUR),Trzymaj,13.2,15.0,0.1364,15.2,Noble Securities,2023-09-22,
250,DINOPL (DNP),Akumuluj,416.1,431.8,0.0377,373.1,Noble Securities,2023-09-22,
251,MIRACULUM (MIR),Trzymaj,1.13,1.25,0.10619999999999999,1.33,Ipopema Securities,2023-09-22,
252,TORPOL (TOR),Trzymaj,36.3,19.3,-0.4683,18.66,DM BDM,2023-09-20,
253,BIOTON (BIO)*,Wycena,3.47,5.41,0.5590999999999999,3.83,Noble Securities,2023-09-19,
254,UNIBEP (UNI),Wycena,9.38,12.5,0.3326,10.4,Noble Securities,2023-09-15,
255,BIOMAXIMA (BMX),Kupuj,15.45,26.4,0.7087,19.2,DM BDM,2023-09-15,
256,SYGNITY (SGN)*,Sprzedaj,62.4,21.6,-0.6537999999999999,32.8,BM mBank,2023-09-15,
257,SELENAFM (SEL),Kupuj,36.1,40.4,0.1191,25.4,Trigon DM,2023-09-14,
258,ATMGRUPA (ATG),Kupuj,4.46,4.51,0.011200000000000002,3.29,DM BDM,2023-09-14,
259,AGORA (AGO),Kupuj,11.26,10.46,-0.071,7.84,DM BDM,2023-09-13,
260,ZUE (ZUE),Kupuj,10.8,7.76,-0.2815,5.62,DM BDM,2023-09-12,
261,CLOUD (CLD),Wycena,76.0,88.0,0.15789999999999998,94.0,DM BOŚ,2023-09-11,
262,SCPFL (SCP)*,Kupuj,167.0,235.8,0.41200000000000003,165.0,Ipopema Securities,2023-09-11,
263,CYBERFLKS (CBF),Kupuj,125.0,95.0,-0.24,81.0,BM mBank,2023-09-11,
264,VERCOM (VRC),Trzymaj,135.5,67.4,-0.5025999999999999,69.4,BM mBank,2023-09-11,
265,PGE (PGE),Kupuj,6.91,11.0,0.5928,7.57,DM BOŚ,2023-09-11,
266,BOWIM (BOW),Wycena,6.7,6.9,0.029900000000000003,7.05,DM BOŚ,2023-09-11,
267,ZEPAK (ZEP),Trzymaj,18.9,20.6,0.08990000000000001,20.2,BM Banku Pekao,2023-09-11,
268,ATENDE (ATD),Kupuj,3.0,4.8,0.6,2.9,BM Banku Pekao,2023-09-11,
269,SECOGROUP (SWG)*,Kupuj,33.0,33.33,0.01,26.0,Erste,2023-09-08,
270,IFIRMA (IFI),Akumuluj,23.4,36.6,0.5640999999999999,33.3,Millennium DM,2023-09-08,
271,SKARBIEC (SKH),Kupuj,24.2,32.0,0.3223,20.4,BM Banku Pekao,2023-09-08,
272,QUERCUS (QRS),Kupuj,6.2,5.3,-0.1452,4.03,BM Banku Pekao,2023-09-08,
273,STALPROFI (STF),Sprzedaj,9.32,8.0,-0.1416,8.64,BM Banku Pekao,2023-09-08,
274,IMS (IMS),Kupuj,4.38,3.8,-0.1324,2.8,Millennium DM,2023-09-08,
275,MABION (MAB),Wycena,16.98,22.9,0.3486,17.96,Noble Securities,2023-09-08,
276,MLPGROUP (MLG)*,Kupuj,83.0,115.0,0.38549999999999995,78.2,BM PKO BP,2023-09-08,
277,MARVIPOL (MVP),Kupuj,7.16,10.49,0.46509999999999996,8.0,Ipopema Securities,2023-09-07,
278,MERCOR (MCR),Kupuj,24.8,37.0,0.4919,25.2,BM Banku Pekao,2023-09-06,
279,WARIMPEX (WXF),Wycena,3.69,8.99,1.4363,4.9,East Value Research,2023-09-05,
280,SYNEKTIK (SNT),Kupuj,132.6,87.0,-0.3439,72.6,BM mBank,2023-09-05,
281,NEWAG (NWG),Przeważaj,31.1,25.0,-0.1961,18.2,Santander BM,2023-09-05,
282,WARIMPEX (WXF),,3.69,2.11,-0.4282,4.78,East Value Research,2023-09-05,
283,PEPCO (PCO),Kupuj,22.25,42.1,0.8920999999999999,32.7,Noble Securities,2023-09-04,
284,VINDEXUS (VIN),Kupuj,9.6,13.9,0.44789999999999996,8.1,East Value Research,2023-09-04,
285,XTPL (XTP),Kupuj,125.4,216.0,0.7225,165.0,Erste,2023-08-31,
286,SYNEKTIK (SNT),Kupuj,132.6,95.5,-0.2798,67.6,East Value Research,2023-08-31,
287,ARTIFEX (ART),Kupuj,22.8,22.8,,17.6,DM BDM,2023-08-30,
288,AILLERON (ALL),Kupuj,17.4,26.0,0.4943,18.4,Trigon DM,2023-08-30,
289,ENTER (ENT)*,Kupuj,67.2,59.8,-0.1101,43.5,DM BDM,2023-08-29,
290,SYNEKTIK (SNT),Kupuj,132.6,87.0,-0.3439,68.6,BM mBank,2023-08-28,
291,WIRTUALNA (WPL),Akumuluj,106.4,129.1,0.2133,114.2,DM BDM,2023-08-28,
292,ASBIS (ASB),Wycena,24.24,67.0,1.764,28.74,Argus Research,2023-08-25,
293,OPONEO.PL (OPN)*,Kupuj,76.2,51.0,-0.3307,43.0,BM PKO BP,2023-08-23,
294,ORANGEPL (OPL),Kupuj,7.65,8.87,0.1589,6.83,DM BDM,2023-08-21,
295,NEUCA (NEU),Kupuj,927.0,855.0,-0.07769999999999999,750.0,DM BOŚ,2023-08-17,
296,INTERCARS (CAR),Trzymaj,547.0,595.0,0.08779999999999999,589.0,DM BOŚ,2023-08-16,
297,BOGDANKA (LWB),Sprzedaj,29.94,33.0,0.10220000000000001,35.52,DM BOŚ,2023-08-16,
298,SECOGROUP (SWG),Kupuj,33.0,33.32,0.0097,27.8,Erste,2023-08-16,
299,ABPL (ABE),Kupuj,104.0,82.6,-0.20579999999999998,59.6,DM BOŚ,2023-08-11,
300,BOGDANKA (LWB),Akumuluj,29.94,42.28,0.4122,36.2,Noble Securities,2023-08-04,
301,SNIEZKA (SKA),Akumuluj,89.4,79.9,-0.1063,72.8,DM BDM,2023-08-04,
302,VOXEL (VOX)*,Kupuj,93.2,66.3,-0.28859999999999997,53.6,DM BOŚ,2023-08-03,
303,FERRO (FRO)*,Trzymaj,38.7,30.1,-0.22219999999999998,30.0,DM BOŚ,2023-08-01,
304,ARCHICOM (ARH),Kupuj,36.0,35.0,-0.0278,26.1,Trigon DM,2023-07-31,
305,CDPROJEKT (CDR),Trzymaj,143.8,152.0,0.057,164.4,DM BOŚ,2023-07-31,
306,CCC (CCC),Kupuj,123.0,63.9,-0.4805,49.3,BM mBank,2023-07-27,
307,CYFRPLSAT (CPS),Trzymaj,12.18,16.7,0.3711,16.2,DM BOŚ,2023-07-26,
308,STSHOLDING (STH),Sprzedaj,24.6,24.8,0.008100000000000001,24.6,DM BOŚ,2023-07-25,
309,BUDIMEX (BDX),Redukuj,695.5,376.5,-0.4587,443.5,DM BDM,2023-07-25,
310,RAINBOW (RBW),Kupuj,113.0,65.0,-0.42479999999999996,42.9,Trigon DM,2023-07-25,
311,DADELO (DAD)*,Kupuj,19.7,20.0,0.0152,15.45,Trigon DM,2023-07-24,
312,MOBRUK (MBR),Kupuj,317.0,372.0,0.17350000000000002,271.5,BM mBank,2023-07-24,
313,FABRITY (FAB)*,Trzymaj,34.0,37.0,0.0882,36.8,Trigon DM,2023-07-24,
314,VERCOM (VRC),Trzymaj,135.5,71.7,-0.4708,69.8,DM BOŚ,2023-07-24,
315,DEVELIA (DVL),Kupuj,5.6,5.5,-0.0179,4.81,Trigon DM,2023-07-24,
316,MILLENNIUM (MIL),Kupuj,8.91,7.86,-0.1173,6.61,DM BOŚ,2023-07-22,
317,11BIT (11B),Kupuj,642.0,875.0,0.3629,713.0,DM BDM,2023-07-21,
318,FORTE (FTE),Akumuluj,21.9,31.0,0.4155,28.6,Noble Securities,2023-07-20,
319,NOVAVISGR (NVG),Kupuj,2.26,3.89,0.7212000000000001,1.77,Erste,2023-07-19,
320,TEXT (TXT),Trzymaj,78.7,137.5,0.7471,148.2,DM BOŚ,2023-07-14,
321,PKNORLEN (PKN),Kupuj,67.68,95.5,0.4111,65.51,DM BOŚ,2023-07-11,
322,NEUCA (NEU),Kupuj,927.0,939.0,0.0129,764.0,DM BDM,2023-07-10,
323,VOXEL (VOX),Kupuj,93.2,73.8,-0.2082,48.4,East Value Research,2023-07-10,
324,ASSECOBS (ABS),Kupuj,62.2,44.6,-0.28300000000000003,38.6,DM BOŚ,2023-07-07,
325,ANSWEAR (ANR),Kupuj,22.9,48.0,1.0961,36.6,Noble Securities,2023-07-07,
326,KRUK (KRU),Kupuj,452.0,440.73,-0.024900000000000002,412.2,BM mBank,2023-07-05,
327,TSGAMES (TEN),Kupuj,84.55,104.0,0.23,79.35,DM BDM,2023-07-05,
328,CAPTORTX (CTX),Akumuluj,78.6,183.6,1.3359,146.5,Noble Securities,2023-07-05,
329,DATAWALK (DAT)*,Kupuj,65.1,122.0,0.8740000000000001,65.3,DM BOŚ,2023-07-05,
330,OPONEO.PL (OPN),Kupuj,76.2,51.2,-0.3281,43.1,East Value Research,2023-07-04,
331,WITTCHEN (WTN),Akumuluj,32.05,39.5,0.2324,36.6,DM Banku BPS,2023-07-03,
332,HANDLOWY (BHW),Trzymaj,109.0,80.0,-0.2661,87.1,BM mBank,2023-06-30,
333,SNIEZKA (SKA)*,Kupuj,89.4,92.69,0.0368,70.4,Ipopema Securities,2023-06-30,
334,CAPTORTX (CTX)*,Kupuj,78.6,221.0,1.8116999999999999,148.0,Trigon DM,2023-06-29,
335,MOLECURE (MOC)*,Trzymaj,13.9,23.2,0.6690999999999999,21.0,Ipopema Securities,2023-06-29,
336,SFD (SFD)*,Trzymaj,2.19,4.54,1.0731,4.18,Ipopema Securities,2023-06-29,
337,SYNEKTIK (SNT)*,Trzymaj,132.6,75.0,-0.43439999999999995,74.4,Ipopema Securities,2023-06-29,
338,PEP (PEP),Kupuj,64.8,96.7,0.49229999999999996,82.7,Trigon DM,2023-06-26,
339,CYBERFLKS (CBF)*,Kupuj,125.0,88.6,-0.2912,68.8,Trigon DM,2023-06-26,
340,ASSECOSEE (ASE),Trzymaj,51.0,50.0,-0.0196,47.3,DM BOŚ,2023-06-26,
